ID,溯源码,链接
222,646,http://suyuan-qiye.test/qr?c=646
223,738,http://suyuan-qiye.test/qr?c=738
224,789,http://suyuan-qiye.test/qr?c=789
225,1105,http://suyuan-qiye.test/qr?c=1105
226,1163,http://suyuan-qiye.test/qr?c=1163
227,1214,http://suyuan-qiye.test/qr?c=1214
228,1417,http://suyuan-qiye.test/qr?c=1417
229,1457,http://suyuan-qiye.test/qr?c=1457
230,1491,http://suyuan-qiye.test/qr?c=1491
231,1521,http://suyuan-qiye.test/qr?c=1521
232,1604,http://suyuan-qiye.test/qr?c=1604
233,1915,http://suyuan-qiye.test/qr?c=1915
234,2499,http://suyuan-qiye.test/qr?c=2499
235,2563,http://suyuan-qiye.test/qr?c=2563
236,2671,http://suyuan-qiye.test/qr?c=2671
237,2703,http://suyuan-qiye.test/qr?c=2703
238,2810,http://suyuan-qiye.test/qr?c=2810
239,2907,http://suyuan-qiye.test/qr?c=2907
240,2911,http://suyuan-qiye.test/qr?c=2911
241,2983,http://suyuan-qiye.test/qr?c=2983
242,3214,http://suyuan-qiye.test/qr?c=3214
244,4455,http://suyuan-qiye.test/qr?c=4455
